topic_id,title,url,difficulty,company_tags
1,Reverse Integer,https://leetcode.com/problems/reverse-integer/,Medium,"Apple, Bloomberg"
1,Palindrome Number,https://leetcode.com/problems/palindrome-number/,Easy,"Google, Microsoft"
1,Fizz Buzz,https://leetcode.com/problems/fizz-buzz/,Easy,"Amazon, Microsoft"
1,Single Number,https://leetcode.com/problems/single-number/,Easy,"Amazon, Apple"
2,Subsets,https://leetcode.com/problems/subsets/,Medium,"Meta, Amazon"
2,Combinations,https://leetcode.com/problems/combinations/,Medium,"Google, Meta"
2,Permutations,https://leetcode.com/problems/permutations/,Medium,"LinkedIn, Microsoft"
2,Word Search,https://leetcode.com/problems/word-search/,Medium,"Amazon, Microsoft"
2,Letter Combinations of a Phone Number,https://leetcode.com/problems/letter-combinations-of-a-phone-number/,Medium,"Amazon, Meta"
3,Two Sum,https://leetcode.com/problems/two-sum/,Easy,"Amazon, Google, Meta"
3,Best Time to Buy and Sell Stock,https://leetcode.com/problems/best-time-to-buy-and-sell-stock/,Easy,"Amazon, Microsoft"
3,Contains Duplicate,https://leetcode.com/problems/contains-duplicate/,Easy,"Apple, Microsoft"
3,Product of Array Except Self,https://leetcode.com/problems/product-of-array-except-self/,Medium,"Amazon, Apple"
3,Maximum Subarray,https://leetcode.com/problems/maximum-subarray/,Medium,"Microsoft, Google"
3,3Sum,https://leetcode.com/problems/3sum/,Medium,"Meta, Amazon"
3,Container With Most Water,https://leetcode.com/problems/container-with-most-water/,Medium,"Google, Meta"
3,Merge Intervals,https://leetcode.com/problems/merge-intervals/,Medium,"Meta, Google, Amazon"
3,Longest Consecutive Sequence,https://leetcode.com/problems/longest-consecutive-sequence/,Medium,"Google, Amazon"
3,Find the Duplicate Number,https://leetcode.com/problems/find-the-duplicate-number/,Medium,"Amazon, Microsoft"
4,Binary Search,https://leetcode.com/problems/binary-search/,Easy,"Microsoft, Apple"
4,Search in Rotated Sorted Array,https://leetcode.com/problems/search-in-rotated-sorted-array/,Medium,"Meta, Amazon"
4,Find Minimum in Rotated Sorted Array,https://leetcode.com/problems/find-minimum-in-rotated-sorted-array/,Medium,"Google, Microsoft"
4,Search a 2D Matrix,https://leetcode.com/problems/search-a-2d-matrix/,Medium,"Amazon, Microsoft"
4,Koko Eating Bananas,https://leetcode.com/problems/koko-eating-bananas/,Medium,"Meta, Google"
4,Median of Two Sorted Arrays,https://leetcode.com/problems/median-of-two-sorted-arrays/,Hard,"Google, Amazon, Meta"
11,Reverse Linked List,https://leetcode.com/problems/reverse-linked-list/,Easy,"Amazon, Microsoft"
11,Merge Two Sorted Lists,https://leetcode.com/problems/merge-two-sorted-lists/,Easy,"Amazon, Apple"
11,Linked List Cycle,https://leetcode.com/problems/linked-list-cycle/,Easy,"Microsoft, Amazon"
11,Reorder List,https://leetcode.com/problems/reorder-list/,Medium,"Meta, Amazon"
11,Remove Nth Node From End of List,https://leetcode.com/problems/remove-nth-node-from-end-of-list/,Medium,"Google, Meta"
11,Merge k Sorted Lists,https://leetcode.com/problems/merge-k-sorted-lists/,Hard,"Amazon, Google"
11,Copy List with Random Pointer,https://leetcode.com/problems/copy-list-with-random-pointer/,Medium,"Amazon, Meta"
12,Valid Parentheses,https://leetcode.com/problems/valid-parentheses/,Easy,"Amazon, Meta"
12,Min Stack,https://leetcode.com/problems/min-stack/,Medium,"Amazon, Google"
12,Evaluate Reverse Polish Notation,https://leetcode.com/problems/evaluate-reverse-polish-notation/,Medium,"LinkedIn, Amazon"
12,Generate Parentheses,https://leetcode.com/problems/generate-parentheses/,Medium,"Meta, Amazon"
12,Daily Temperatures,https://leetcode.com/problems/daily-temperatures/,Medium,"Meta, Google"
12,Largest Rectangle in Histogram,https://leetcode.com/problems/largest-rectangle-in-histogram/,Hard,"Google, Amazon"
13,Implement Queue using Stacks,https://leetcode.com/problems/implement-queue-using-stacks/,Easy,"Microsoft, Amazon"
13,Design Circular Queue,https://leetcode.com/problems/design-circular-queue/,Medium,"Amazon, Apple"
13,Sliding Window Maximum,https://leetcode.com/problems/sliding-window-maximum/,Hard,"Google, Amazon, Meta"
13,Task Scheduler,https://leetcode.com/problems/task-scheduler/,Medium,"Meta, Amazon"
14,Maximum Depth of Binary Tree,https://leetcode.com/problems/maximum-depth-of-binary-tree/,Easy,"Apple, Amazon"
14,Same Tree,https://leetcode.com/problems/same-tree/,Easy,"Google, Amazon"
14,Invert Binary Tree,https://leetcode.com/problems/invert-binary-tree/,Easy,"Google, Meta"
14,Binary Tree Maximum Path Sum,https://leetcode.com/problems/binary-tree-maximum-path-sum/,Hard,"Meta, Google"
14,Binary Tree Level Order Traversal,https://leetcode.com/problems/binary-tree-level-order-traversal/,Medium,"Amazon, LinkedIn"
14,Serialize and Deserialize Binary Tree,https://leetcode.com/problems/serialize-and-deserialize-binary-tree/,Hard,"Amazon, Meta, Google"
14,Subtree of Another Tree,https://leetcode.com/problems/subtree-of-another-tree/,Easy,"Amazon, Google"
14,Lowest Common Ancestor of a BST,https://leetcode.com/problems/lowest-common-ancestor-of-a-binary-search-tree/,Medium,"Amazon, Meta"
14,Validate Binary Search Tree,https://leetcode.com/problems/validate-binary-search-tree/,Medium,"Amazon, Microsoft"
14,Kth Smallest Element in a BST,https://leetcode.com/problems/kth-smallest-element-in-a-bst/,Medium,"Amazon, Google"
14,Construct Binary Tree from Preorder and Inorder Traversal,https://leetcode.com/problems/construct-binary-tree-from-preorder-and-inorder-traversal/,Medium,"Amazon, Microsoft"
11,Number of Islands,https://leetcode.com/problems/number-of-islands/,Medium,"Amazon, Google, Meta"
11,Clone Graph,https://leetcode.com/problems/clone-graph/,Medium,"Meta, Amazon"
11,Pacific Atlantic Water Flow,https://leetcode.com/problems/pacific-atlantic-water-flow/,Medium,"Google, Amazon"
11,Course Schedule,https://leetcode.com/problems/course-schedule/,Medium,"Amazon, Meta"
11,Word Ladder,https://leetcode.com/problems/word-ladder/,Hard,"Amazon, Meta"
11,Network Delay Time,https://leetcode.com/problems/network-delay-time/,Medium,"Google, Amazon"
11,Alien Dictionary,https://leetcode.com/problems/alien-dictionary/,Hard,"Meta, Google, Amazon"
11,Graph Valid Tree,https://leetcode.com/problems/graph-valid-tree/,Medium,"Google, LinkedIn"
12,Climbing Stairs,https://leetcode.com/problems/climbing-stairs/,Easy,"Amazon, Apple"
12,Coin Change,https://leetcode.com/problems/coin-change/,Medium,"Amazon, Google"
12,Longest Increasing Subsequence,https://leetcode.com/problems/longest-increasing-subsequence/,Medium,"Google, Amazon"
12,Longest Common Subsequence,https://leetcode.com/problems/longest-common-subsequence/,Medium,"Amazon, Google"
12,Word Break,https://leetcode.com/problems/word-break/,Medium,"Amazon, Meta"
12,House Robber,https://leetcode.com/problems/house-robber/,Medium,"Google, Amazon"
12,House Robber II,https://leetcode.com/problems/house-robber-ii/,Medium,"Microsoft, Google"
12,Decode Ways,https://leetcode.com/problems/decode-ways/,Medium,"Meta, Amazon"
12,Unique Paths,https://leetcode.com/problems/unique-paths/,Medium,"Amazon, Google"
12,Jump Game,https://leetcode.com/problems/jump-game/,Medium,"Amazon, Microsoft"
topic_id,title,url,difficulty,company_tags
1,Romance to Integer,https://leetcode.com/problems/roman-to-integer/,Easy,"Amazon, Apple, Google"
1,String to Integer (atoi),https://leetcode.com/problems/string-to-integer-atoi/,Medium,"Microsoft, Amazon"
2,Generate Parentheses,https://leetcode.com/problems/generate-parentheses/,Medium,"Amazon, Meta, Google"
2,N-Queens,https://leetcode.com/problems/n-queens/,Hard,"Amazon, Microsoft"
2,Sudoku Solver,https://leetcode.com/problems/sudoku-solver/,Hard,"Microsoft, Meta"
2,Palindrome Partitioning,https://leetcode.com/problems/palindrome-partitioning/,Medium,"Google, Amazon"
2,Restore IP Addresses,https://leetcode.com/problems/restore-ip-addresses/,Medium,"Amazon, Meta"
3,Trapping Rain Water,https://leetcode.com/problems/trapping-rain-water/,Hard,"Amazon, Google, Meta"
3,Next Permutation,https://leetcode.com/problems/next-permutation/,Medium,"Meta, Amazon"
3,Valid Sudoku,https://leetcode.com/problems/valid-sudoku/,Medium,"Amazon, Apple"
3,Group Anagrams,https://leetcode.com/problems/group-anagrams/,Medium,"Amazon, Microsoft"
3,Insert Interval,https://leetcode.com/problems/insert-interval/,Medium,"Google, Meta"
3,Minimum Window Substring,https://leetcode.com/problems/minimum-window-substring/,Hard,"Meta, Amazon, LinkedIn"
3,First Missing Positive,https://leetcode.com/problems/first-missing-positive/,Hard,"Amazon, Microsoft"
3,Subarray Sum Equals K,https://leetcode.com/problems/subarray-sum-equals-k/,Medium,"Meta, Google"
4,Find First and Last Position of Element in Sorted Array,https://leetcode.com/problems/find-first-and-last-position-of-element-in-sorted-array/,Medium,"Meta, Amazon"
4,Search a 2D Matrix II,https://leetcode.com/problems/search-a-2d-matrix-ii/,Medium,"Amazon, Microsoft"
4,Split Array Largest Sum,https://leetcode.com/problems/split-array-largest-sum/,Hard,"Google, Amazon"
4,Capacity To Ship Packages Within D Days,https://leetcode.com/problems/capacity-to-ship-packages-within-d-days/,Medium,"Amazon, Meta"
11,Reverse Nodes in k-Group,https://leetcode.com/problems/reverse-nodes-in-k-group/,Hard,"Amazon, Microsoft"
11,LRU Cache,https://leetcode.com/problems/lru-cache/,Medium,"Amazon, Google, Meta"
11,LFU Cache,https://leetcode.com/problems/lfu-cache/,Hard,"Amazon, Google"
11,Sort List,https://leetcode.com/problems/sort-list/,Medium,"Meta, Microsoft"
11,Intersection of Two Linked Lists,https://leetcode.com/problems/intersection-of-two-linked-lists/,Easy,"Amazon, Apple"
11,Palindrome Linked List,https://leetcode.com/problems/palindrome-linked-list/,Easy,"Amazon, Microsoft"
12,Valid Anagram,https://leetcode.com/problems/valid-anagram/,Easy,"Amazon, Google"
12,Longest Valid Parentheses,https://leetcode.com/problems/longest-valid-parentheses/,Hard,"Amazon, Meta"
12,Basic Calculator II,https://leetcode.com/problems/basic-calculator-ii/,Medium,"Meta, Amazon"
12,Remove K Digits,https://leetcode.com/problems/remove-k-digits/,Medium,"Amazon, Microsoft"
13,Rotting Oranges,https://leetcode.com/problems/rotting-oranges/,Medium,"Amazon, Meta"
13,Find Median from Data Stream,https://leetcode.com/problems/find-median-from-data-stream/,Hard,"Amazon, Google, Apple"
14,Binary Tree Right Side View,https://leetcode.com/problems/binary-tree-right-side-view/,Medium,"Meta, Amazon"
14,Construct Binary Tree from Inorder and Postorder Traversal,https://leetcode.com/problems/construct-binary-tree-from-inorder-and-postorder-traversal/,Medium,"Amazon, Microsoft"
14,Flatten Binary Tree to Linked List,https://leetcode.com/problems/flatten-binary-tree-to-linked-list/,Medium,"Meta, Amazon"
14,Populating Next Right Pointers in Each Node,https://leetcode.com/problems/populating-next-right-pointers-in-each-node/,Medium,"Amazon, Microsoft"
14,Diameter of Binary Tree,https://leetcode.com/problems/diameter-of-binary-tree/,Easy,"Meta, Amazon"
14,Symmetric Tree,https://leetcode.com/problems/symmetric-tree/,Easy,"Amazon, Apple"
14,Path Sum,https://leetcode.com/problems/path-sum/,Easy,"Amazon, Microsoft"
11,Cheapest Flights Within K Stops,https://leetcode.com/problems/cheapest-flights-within-k-stops/,Medium,"Amazon, Google"
11,Reconstruct Itinerary,https://leetcode.com/problems/reconstruct-itinerary/,Hard,"Meta, Amazon"
11,Min Cost to Connect All Points,https://leetcode.com/problems/min-cost-to-connect-all-points/,Medium,"Amazon, Microsoft"
11,Swim in Rising Water,https://leetcode.com/problems/swim-in-rising-water/,Hard,"Google, Amazon"
11,Word Search II,https://leetcode.com/problems/word-search-ii/,Hard,"Amazon, Meta"
12,Edit Distance,https://leetcode.com/problems/edit-distance/,Medium,"Amazon, Google"
12,Maximum Product Subarray,https://leetcode.com/problems/maximum-product-subarray/,Medium,"Amazon, LinkedIn"
12,Partition Equal Subset Sum,https://leetcode.com/problems/partition-equal-subset-sum/,Medium,"Amazon, Meta"
12,Target Sum,https://leetcode.com/problems/target-sum/,Medium,"Amazon, Google"
12,Burst Balloons,https://leetcode.com/problems/burst-balloons/,Hard,"Amazon, Google"
12,Regular Expression Matching,https://leetcode.com/problems/regular-expression-matching/,Hard,"Amazon, Meta"
12,Palindromic Substrings,https://leetcode.com/problems/palindromic-substrings/,Medium,"Amazon, Meta"
topic_id,title,url,difficulty,company_tags
1,Plus One,https://leetcode.com/problems/plus-one/,Easy,"Google, Amazon"
1,Sqrt(x),https://leetcode.com/problems/sqrtx/,Easy,"Amazon, Apple"
1,Pow(x n),https://leetcode.com/problems/powx-n/,Medium,"Meta, Google"
1,Factorial Trailing Zeroes,https://leetcode.com/problems/factorial-trailing-zeroes/,Medium,"Microsoft, Bloomberg"
1,Happy Number,https://leetcode.com/problems/happy-number/,Easy,"Amazon, Google"
2,Combination Sum,https://leetcode.com/problems/combination-sum/,Medium,"Amazon, Meta"
2,Combination Sum II,https://leetcode.com/problems/combination-sum-ii/,Medium,"Amazon, Microsoft"
2,Combination Sum III,https://leetcode.com/problems/combination-sum-iii/,Medium,"Google, Amazon"
2,Permutations II,https://leetcode.com/problems/permutations-ii/,Medium,"Meta, LinkedIn"
2,Letter Case Permutation,https://leetcode.com/problems/letter-case-permutation/,Medium,"Amazon, Microsoft"
3,Longest Substring Without Repeating Characters,https://leetcode.com/problems/longest-substring-without-repeating-characters/,Medium,"Amazon, Google, Meta"
3,Valid Palindrome,https://leetcode.com/problems/valid-palindrome/,Easy,"Meta, Amazon, Microsoft"
3,Longest Palindromic Substring,https://leetcode.com/problems/longest-palindromic-substring/,Medium,"Amazon, Microsoft"
3,Zigzag Conversion,https://leetcode.com/problems/zigzag-conversion/,Medium,"Amazon, Apple"
3,Longest Common Prefix,https://leetcode.com/problems/longest-common-prefix/,Easy,"Amazon, Apple, Google"
3,Find All Anagrams in a String,https://leetcode.com/problems/find-all-anagrams-in-a-string/,Medium,"Meta, Amazon"
3,String Compression,https://leetcode.com/problems/string-compression/,Medium,"Apple, Microsoft"
3,Gas Station,https://leetcode.com/problems/gas-station/,Medium,"Amazon, Google"
3,Candy,https://leetcode.com/problems/candy/,Hard,"Amazon, Google"
3,Majority Element,https://leetcode.com/problems/majority-element/,Easy,"Amazon, Microsoft, Meta"
4,Find Peak Element,https://leetcode.com/problems/find-peak-element/,Medium,"Meta, Amazon"
4,Guess Number Higher or Lower,https://leetcode.com/problems/guess-number-higher-or-lower/,Easy,"Google, Apple"
4,Valid Perfect Square,https://leetcode.com/problems/valid-perfect-square/,Easy,"Amazon, LinkedIn"
4,First Bad Version,https://leetcode.com/problems/first-bad-version/,Easy,"Meta, Amazon"
4,Search Insert Position,https://leetcode.com/problems/search-insert-position/,Easy,"Amazon, Google"
11,Swap Nodes in Pairs,https://leetcode.com/problems/swap-nodes-in-pairs/,Medium,"Amazon, Microsoft"
11,Rotate List,https://leetcode.com/problems/rotate-list/,Medium,"Amazon, Apple"
11,Partition List,https://leetcode.com/problems/partition-list/,Medium,"Microsoft, Meta"
11,Odd Even Linked List,https://leetcode.com/problems/odd-even-linked-list/,Medium,"Amazon, Meta"
11,Remove Duplicates from Sorted List,https://leetcode.com/problems/remove-duplicates-from-sorted-list/,Easy,"Amazon, Google"
11,Remove Duplicates from Sorted List II,https://leetcode.com/problems/remove-duplicates-from-sorted-list-ii/,Medium,"Amazon, Microsoft"
12,Simplify Path,https://leetcode.com/problems/simplify-path/,Medium,"Meta, Amazon"
12,Next Greater Element I,https://leetcode.com/problems/next-greater-element-i/,Easy,"Amazon, Meta"
12,Next Greater Element II,https://leetcode.com/problems/next-greater-element-ii/,Medium,"Amazon, Google"
12,Online Stock Span,https://leetcode.com/problems/online-stock-span/,Medium,"Amazon, Google"
12,Asteroid Collision,https://leetcode.com/problems/asteroid-collision/,Medium,"Amazon, Meta"
13,Kth Largest Element in an Array,https://leetcode.com/problems/kth-largest-element-in-an-array/,Medium,"Amazon, Meta, Google"
13,Top K Frequent Elements,https://leetcode.com/problems/top-k-frequent-elements/,Medium,"Amazon, Google, Meta"
13,Top K Frequent Words,https://leetcode.com/problems/top-k-frequent-words/,Medium,"Amazon, Bloomberg"
13,K Closest Points to Origin,https://leetcode.com/problems/k-closest-points-to-origin/,Medium,"Meta, Amazon"
14,Binary Tree Zigzag Level Order Traversal,https://leetcode.com/problems/binary-tree-zigzag-level-order-traversal/,Medium,"Amazon, Microsoft"
14,Path Sum II,https://leetcode.com/problems/path-sum-ii/,Medium,"Amazon, Bloomberg"
14,Count Complete Tree Nodes,https://leetcode.com/problems/count-complete-tree-nodes/,Medium,"Google, Amazon"
14,Lowest Common Ancestor of a Binary Tree,https://leetcode.com/problems/lowest-common-ancestor-of-a-binary-tree/,Medium,"Meta, Amazon, Google"
14,Cousins in Binary Tree,https://leetcode.com/problems/cousins-in-binary-tree/,Easy,"Amazon, Meta"
11,Redundant Connection,https://leetcode.com/problems/redundant-connection/,Medium,"Amazon, Google"
11,Is Graph Bipartite?,https://leetcode.com/problems/is-graph-bipartite/,Medium,"Meta, Amazon"
11,Shortest Path in Binary Matrix,https://leetcode.com/problems/shortest-path-in-binary-matrix/,Medium,"Meta, Amazon"
12,Triangle,https://leetcode.com/problems/triangle/,Medium,"Amazon, Apple"
12,Minimum Path Sum,https://leetcode.com/problems/minimum-path-sum/,Medium,"Amazon, Google"
topic_id,title,url,difficulty,company_tags
1,Single Number II,https://leetcode.com/problems/single-number-ii/,Medium,"Amazon, Google"
1,Reverse Bits,https://leetcode.com/problems/reverse-bits/,Easy,"Apple, Amazon"
1,Number of 1 Bits,https://leetcode.com/problems/number-of-1-bits/,Easy,"Microsoft, Apple"
1,Counting Bits,https://leetcode.com/problems/counting-bits/,Easy,"Amazon, Meta"
1,Missing Number,https://leetcode.com/problems/missing-number/,Easy,"Amazon, Microsoft"
2,Subsets II,https://leetcode.com/problems/subsets-ii/,Medium,"Amazon, Meta"
2,Partition to K Equal Sum Subsets,https://leetcode.com/problems/partition-to-k-equal-sum-subsets/,Medium,"Google, Amazon"
2,Matchsticks to Square,https://leetcode.com/problems/matchsticks-to-square/,Medium,"Amazon, Microsoft"
2,N-Queens II,https://leetcode.com/problems/n-queens-ii/,Hard,"Meta, Amazon"
2,Restore IP Addresses,https://leetcode.com/problems/restore-ip-addresses/,Medium,"Amazon, Meta"
3,Jump Game II,https://leetcode.com/problems/jump-game-ii/,Medium,"Amazon, Apple"
3,Minimum Size Subarray Sum,https://leetcode.com/problems/minimum-size-subarray-sum/,Medium,"Google, Meta"
3,Fruit Into Baskets,https://leetcode.com/problems/fruit-into-baskets/,Medium,"Google, Amazon"
3,Longest Repeating Character Replacement,https://leetcode.com/problems/longest-repeating-character-replacement/,Medium,"Amazon, Google"
3,Find All Duplicates in an Array,https://leetcode.com/problems/find-all-duplicates-in-an-array/,Medium,"Amazon, Microsoft"
4,Find Minimum in Rotated Sorted Array II,https://leetcode.com/problems/find-minimum-in-rotated-sorted-array-ii/,Hard,"Amazon, Microsoft"
4,Find Right Interval,https://leetcode.com/problems/find-right-interval/,Medium,"Google, Amazon"
4,Kth Smallest Element in a Sorted Matrix,https://leetcode.com/problems/kth-smallest-element-in-a-sorted-matrix/,Medium,"Amazon, Google"
4,Time Based Key-Value Store,https://leetcode.com/problems/time-based-key-value-store/,Medium,"Google, Amazon"
4,Maximum Number of Removable Characters,https://leetcode.com/problems/maximum-number-of-removable-characters/,Medium,"Amazon, Meta"
11,Swapping Nodes in a Linked List,https://leetcode.com/problems/swapping-nodes-in-a-linked-list/,Medium,"Amazon, Meta"
11,Delete Node in a Linked List,https://leetcode.com/problems/delete-node-in-a-linked-list/,Easy,"Apple, Microsoft"
11,Design Linked List,https://leetcode.com/problems/design-linked-list/,Medium,"Amazon, Google"
11,Insertion Sort List,https://leetcode.com/problems/insertion-sort-list/,Medium,"Google, Amazon"
11,Reverse Linked List II,https://leetcode.com/problems/reverse-linked-list-ii/,Medium,"Amazon, Meta"
12,Remove Duplicate Letters,https://leetcode.com/problems/remove-duplicate-letters/,Medium,"Amazon, Google"
12,132 Pattern,https://leetcode.com/problems/132-pattern/,Medium,"Amazon, Meta"
12,Maximal Rectangle,https://leetcode.com/problems/maximal-rectangle/,Hard,"Google, Amazon"
12,Decode String,https://leetcode.com/problems/decode-string/,Medium,"Google, Amazon"
12,Basic Calculator,https://leetcode.com/problems/basic-calculator/,Hard,"Google, Meta"
13,Reorganize String,https://leetcode.com/problems/reorganize-string/,Medium,"Amazon, Google"
13,Kth Largest Element in a Stream,https://leetcode.com/problems/kth-largest-element-in-a-stream/,Easy,"Amazon, Meta"
13,Design Twitter,https://leetcode.com/problems/design-twitter/,Medium,"Amazon, Meta"
13,Find K Pairs with Smallest Sums,https://leetcode.com/problems/find-k-pairs-with-smallest-sums/,Medium,"Amazon, Google"
13,Minimum Number of Refueling Stops,https://leetcode.com/problems/minimum-number-of-refueling-stops/,Hard,"Amazon, Google, Meta"
14,Implement Trie (Prefix Tree),https://leetcode.com/problems/implement-trie-prefix-tree/,Medium,"Amazon, Google"
14,Design Add and Search Words Data Structure,https://leetcode.com/problems/design-add-and-search-words-data-structure/,Medium,"Amazon, Meta"
14,Serialize and Deserialize BST,https://leetcode.com/problems/serialize-and-deserialize-bst/,Medium,"Amazon, Meta"
14,Maximum Width of Binary Tree,https://leetcode.com/problems/maximum-width-of-binary-tree/,Medium,"Amazon, Google"
14,All Nodes Distance K in Binary Tree,https://leetcode.com/problems/all-nodes-distance-k-in-binary-tree/,Medium,"Amazon, Meta"
11,Evaluate Division,https://leetcode.com/problems/evaluate-division/,Medium,"Google, Amazon"
11,Snakes and Ladders,https://leetcode.com/problems/snakes-and-ladders/,Medium,"Amazon, Microsoft"
11,Minimum Height Trees,https://leetcode.com/problems/minimum-height-trees/,Medium,"Google, Amazon"
11,Number of Provinces,https://leetcode.com/problems/number-of-provinces/,Medium,"Amazon, Google"
11,Find Eventual Safe States,https://leetcode.com/problems/find-eventual-safe-states/,Medium,"Amazon, Meta"
12,Interleaving String,https://leetcode.com/problems/interleaving-string/,Medium,"Apple, Amazon"
12,Distinct Subsequences,https://leetcode.com/problems/distinct-subsequences/,Hard,"Google, Amazon"
12,Wildcard Matching,https://leetcode.com/problems/wildcard-matching/,Hard,"Amazon, Google"
12,Maximal Square,https://leetcode.com/problems/maximal-square/,Medium,"Amazon, Apple"
12,Coin Change II,https://leetcode.com/problems/coin-change-2/,Medium,"Amazon, Google"
topic_id,title,url,difficulty,company_tags
1,Ugly Number,https://leetcode.com/problems/ugly-number/,Easy,"Amazon, Microsoft"
1,Ugly Number II,https://leetcode.com/problems/ugly-number-ii/,Medium,"Google, Amazon"
1,Power of Two,https://leetcode.com/problems/power-of-two/,Easy,"Amazon, Apple"
1,Power of Three,https://leetcode.com/problems/power-of-three/,Easy,"Google, Amazon"
1,Set Matrix Zeroes,https://leetcode.com/problems/set-matrix-zeroes/,Medium,"Amazon, Microsoft"
2,Letter Tile Possibilities,https://leetcode.com/problems/letter-tile-possibilities/,Medium,"Amazon, Google"
2,Palindrome Partitioning II,https://leetcode.com/problems/palindrome-partitioning-ii/,Hard,"Amazon, Meta"
2,Beautiful Arrangement,https://leetcode.com/problems/beautiful-arrangement/,Medium,"Google, Apple"
2,Construct the Lexicographically Largest Valid Sequence,https://leetcode.com/problems/construct-the-lexicographically-largest-valid-sequence/,Medium,"Amazon, Microsoft"
2,Split Array into Fibonacci Sequence,https://leetcode.com/problems/split-array-into-fibonacci-sequence/,Medium,"Amazon, Meta"
3,Spiral Matrix,https://leetcode.com/problems/spiral-matrix/,Medium,"Amazon, Microsoft"
3,Spiral Matrix II,https://leetcode.com/problems/spiral-matrix-ii/,Medium,"Microsoft, Google"
3,Rotate Image,https://leetcode.com/problems/rotate-image/,Medium,"Amazon, Apple"
3,Diagonal Traverse,https://leetcode.com/problems/diagonal-traverse/,Medium,"Google, Meta"
3,Find All Numbers Disappeared in an Array,https://leetcode.com/problems/find-all-numbers-disappeared-in-an-array/,Easy,"Amazon, Meta"
3,Contains Duplicate II,https://leetcode.com/problems/contains-duplicate-ii/,Easy,"Amazon, Google"
3,Contains Duplicate III,https://leetcode.com/problems/contains-duplicate-iii/,Hard,"Amazon, Meta"
3,Longest Harmonious Subsequence,https://leetcode.com/problems/longest-harmonious-subsequence/,Easy,"Amazon, Apple"
3,Intersection of Two Arrays,https://leetcode.com/problems/intersection-of-two-arrays/,Easy,"Apple, Google"
3,Intersection of Two Arrays II,https://leetcode.com/problems/intersection-of-two-arrays-ii/,Easy,"Amazon, Microsoft"
3,Two Sum II - Input Array Is Sorted,https://leetcode.com/problems/two-sum-ii-input-array-is-sorted/,Medium,"Amazon, Apple"
3,3Sum Closest,https://leetcode.com/problems/3sum-closest/,Medium,"Meta, Amazon"
3,4Sum,https://leetcode.com/problems/4sum/,Medium,"Amazon, Google"
3,Remove Duplicates from Sorted Array,https://leetcode.com/problems/remove-duplicates-from-sorted-array/,Easy,"Meta, Amazon"
3,Remove Duplicates from Sorted Array II,https://leetcode.com/problems/remove-duplicates-from-sorted-array-ii/,Medium,"Amazon, Microsoft"
4,Search in Rotated Sorted Array II,https://leetcode.com/problems/search-in-rotated-sorted-array-ii/,Medium,"Amazon, Meta"
4,Peak Index in a Mountain Array,https://leetcode.com/problems/peak-index-in-a-mountain-array/,Medium,"Google, Amazon"
4,Arranging Coins,https://leetcode.com/problems/arranging-coins/,Easy,"Amazon, Microsoft"
4,Minimum Number of Days to Make m Bouquets,https://leetcode.com/problems/minimum-number-of-days-to-make-m-bouquets/,Medium,"Google, Amazon"
4,Find the Smallest Divisor Given a Threshold,https://leetcode.com/problems/find-the-smallest-divisor-given-a-threshold/,Medium,"Amazon, Meta"
11,Add Two Numbers,https://leetcode.com/problems/add-two-numbers/,Medium,"Amazon, Google, Meta"
11,Add Two Numbers II,https://leetcode.com/problems/add-two-numbers-ii/,Medium,"Amazon, Microsoft"
11,Flatten a Multilevel Doubly Linked List,https://leetcode.com/problems/flatten-a-multilevel-doubly-linked-list/,Medium,"Amazon, Google"
11,Design Browser History,https://leetcode.com/problems/design-browser-history/,Medium,"Meta, Amazon"
11,Middle of the Linked List,https://leetcode.com/problems/middle-of-the-linked-list/,Easy,"Amazon, Apple"
12,Next Greater Element III,https://leetcode.com/problems/next-greater-element-iii/,Medium,"Amazon, Meta"
12,Minimum Add to Make Parentheses Valid,https://leetcode.com/problems/minimum-add-to-make-parentheses-valid/,Medium,"Meta, Amazon"
12,Minimum Remove to Make Valid Parentheses,https://leetcode.com/problems/minimum-remove-to-make-valid-parentheses/,Medium,"Meta, Google"
12,Score of Parentheses,https://leetcode.com/problems/score-of-parentheses/,Medium,"Amazon, Meta"
12,Remove All Adjacent Duplicates In String,https://leetcode.com/problems/remove-all-adjacent-duplicates-in-string/,Easy,"Amazon, Google"
12,Remove All Adjacent Duplicates in String II,https://leetcode.com/problems/remove-all-adjacent-duplicates-in-string-ii/,Medium,"Amazon, Meta"
12,Make The String Great,https://leetcode.com/problems/make-the-string-great/,Easy,"Apple, Google"
12,Validate Stack Sequences,https://leetcode.com/problems/validate-stack-sequences/,Medium,"Google, Amazon"
12,Design a Stack With Increment Operation,https://leetcode.com/problems/design-a-stack-with-increment-operation/,Medium,"Amazon, Microsoft"
12,Remove Outermost Parentheses,https://leetcode.com/problems/remove-outermost-parentheses/,Easy,"Amazon, Meta"
13,Constrained Subsequence Sum,https://leetcode.com/problems/constrained-subsequence-sum/,Hard,"Amazon, Google"
13,Design Circular Deque,https://leetcode.com/problems/design-circular-deque/,Medium,"Amazon, Apple"
13,Dota2 Senate,https://leetcode.com/problems/dota2-senate/,Medium,"Meta, Google"
13,Reveal Cards In Increasing Order,https://leetcode.com/problems/reveal-cards-in-increasing-order/,Medium,"Amazon, Meta"
13,Sort Characters By Frequency,https://leetcode.com/problems/sort-characters-by-frequency/,Medium,"Amazon, Bloomberg"
14,Convert Sorted Array to Binary Search Tree,https://leetcode.com/problems/convert-sorted-array-to-binary-search-tree/,Easy,"Amazon, Meta"
14,Convert Sorted List to Binary Search Tree,https://leetcode.com/problems/convert-sorted-list-to-binary-search-tree/,Medium,"Amazon, Google"
14,Binary Search Tree Iterator,https://leetcode.com/problems/binary-search-tree-iterator/,Medium,"Meta, Amazon"
14,Recover Binary Search Tree,https://leetcode.com/problems/recover-binary-search-tree/,Medium,"Amazon, Microsoft"
14,Trim a Binary Search Tree,https://leetcode.com/problems/trim-a-binary-search-tree/,Medium,"Amazon, Google"
14,Find Bottom Left Tree Value,https://leetcode.com/problems/find-bottom-left-tree-value/,Medium,"Amazon, Meta"
14,Find Largest Value in Each Tree Row,https://leetcode.com/problems/find-largest-value-in-each-tree-row/,Medium,"Amazon, Google"
14,Balanced Binary Tree,https://leetcode.com/problems/balanced-binary-tree/,Easy,"Amazon, Meta"
14,Minimum Depth of Binary Tree,https://leetcode.com/problems/minimum-depth-of-binary-tree/,Easy,"Amazon, Apple"
14,Sum Root to Leaf Numbers,https://leetcode.com/problems/sum-root-to-leaf-numbers/,Medium,"Meta, Amazon"
11,Max Area of Island,https://leetcode.com/problems/max-area-of-island/,Medium,"Amazon, Meta"
11,Surrounded Regions,https://leetcode.com/problems/surrounded-regions/,Medium,"Amazon, Google"
11,As Far from Land as Possible,https://leetcode.com/problems/as-far-from-land-as-possible/,Medium,"Meta, Amazon"
11,Shortest Bridge,https://leetcode.com/problems/shortest-bridge/,Medium,"Amazon, Microsoft"
11,Course Schedule II,https://leetcode.com/problems/course-schedule-ii/,Medium,"Amazon, Google, Meta"
12,Min Cost Climbing Stairs,https://leetcode.com/problems/min-cost-climbing-stairs/,Easy,"Amazon, Apple"
12,House Robber III,https://leetcode.com/problems/house-robber-iii/,Medium,"Amazon, Google"
12,Longest Palindromic Subsequence,https://leetcode.com/problems/longest-palindromic-subsequence/,Medium,"Amazon, Meta"
12,Best Time to Buy and Sell Stock II,https://leetcode.com/problems/best-time-to-buy-and-sell-stock-ii/,Medium,"Amazon, Microsoft"
12,Best Time to Buy and Sell Stock III,https://leetcode.com/problems/best-time-to-buy-and-sell-stock-iii/,Hard,"Amazon, Meta"
12,Best Time to Buy and Sell Stock IV,https://leetcode.com/problems/best-time-to-buy-and-sell-stock-iv/,Hard,"Amazon, Google"
12,Best Time to Buy and Sell Stock with Cooldown,https://leetcode.com/problems/best-time-to-buy-and-sell-stock-with-cooldown/,Medium,"Meta, Amazon"
12,Best Time to Buy and Sell Stock with Transaction Fee,https://leetcode.com/problems/best-time-to-buy-and-sell-stock-with-transaction-fee/,Medium,"Amazon, Meta"
12,Russian Doll Envelopes,https://leetcode.com/problems/russian-doll-envelopes/,Hard,"Google, Amazon"
12,Perfect Squares,https://leetcode.com/problems/perfect-squares/,Medium,"Amazon, Microsoft"
topic_id,title,url,difficulty,company_tags
1,Add Binary,https://leetcode.com/problems/add-binary/,Easy,"Meta, Apple"
1,Multiply Strings,https://leetcode.com/problems/multiply-strings/,Medium,"Meta, Amazon"
1,Divide Two Integers,https://leetcode.com/problems/divide-two-integers/,Medium,"Amazon, Google"
1,Fraction to Recurring Decimal,https://leetcode.com/problems/fraction-to-recurring-decimal/,Medium,"Google, Amazon"
1,Excel Sheet Column Title,https://leetcode.com/problems/excel-sheet-column-title/,Easy,"Amazon, Meta"
1,Excel Sheet Column Number,https://leetcode.com/problems/excel-sheet-column-number/,Easy,"Meta, Amazon"
1,Factorial Trailing Zeroes,https://leetcode.com/problems/factorial-trailing-zeroes/,Medium,"Microsoft, Google"
1,Add Digits,https://leetcode.com/problems/add-digits/,Easy,"Amazon, Apple"
1,Water and Jug Problem,https://leetcode.com/problems/water-and-jug-problem/,Medium,"Google, Amazon"
1,Max Points on a Line,https://leetcode.com/problems/max-points-on-a-line/,Hard,"Apple, Amazon"
2,Combination Sum IV,https://leetcode.com/problems/combination-sum-iv/,Medium,"Google, Amazon"
2,Different Ways to Add Parentheses,https://leetcode.com/problems/different-ways-to-add-parentheses/,Medium,"Apple, Amazon"
2,Word Break II,https://leetcode.com/problems/word-break-ii/,Hard,"Meta, Amazon"
2,Remove Invalid Parentheses,https://leetcode.com/problems/remove-invalid-parentheses/,Hard,"Meta, Google"
2,Zuma Game,https://leetcode.com/problems/zuma-game/,Hard,"Google, Amazon"
2,24 Game,https://leetcode.com/problems/24-game/,Hard,"Google, Amazon"
2,Stickers to Spell Word,https://leetcode.com/problems/stickers-to-spell-word/,Hard,"Meta, Amazon"
2,Find Unique Binary String,https://leetcode.com/problems/find-unique-binary-string/,Medium,"Amazon, Microsoft"
2,Maximum Length of a Concatenated String with Unique Characters,https://leetcode.com/problems/maximum-length-of-a-concatenated-string-with-unique-characters/,Medium,"Amazon, Microsoft"
2,Combinations II,https://leetcode.com/problems/combinations-ii/,Medium,"Amazon, Google"
3,Text Justification,https://leetcode.com/problems/text-justification/,Hard,"Amazon, Google"
3,Insert Delete GetRandom O(1),https://leetcode.com/problems/insert-delete-getrandom-o1/,Medium,"Amazon, Meta"
3,Insert Delete GetRandom O(1) - Duplicates allowed,https://leetcode.com/problems/insert-delete-getrandom-o1-duplicates-allowed/,Hard,"Amazon, LinkedIn"
3,Substring with Concatenation of All Words,https://leetcode.com/problems/substring-with-concatenation-of-all-words/,Hard,"Amazon, Apple"
3,Trapping Rain Water II,https://leetcode.com/problems/trapping-rain-water-ii/,Hard,"Amazon, Google"
3,Maximum Average Subarray I,https://leetcode.com/problems/maximum-average-subarray-i/,Easy,"Amazon, Meta"
3,Maximum Points You Can Obtain from Cards,https://leetcode.com/problems/maximum-points-you-can-obtain-from-cards/,Medium,"Google, Amazon"
3,Subarray Sums Divisible by K,https://leetcode.com/problems/subarray-sums-divisible-by-k/,Medium,"Amazon, Microsoft"
3,Continuous Subarray Sum,https://leetcode.com/problems/continuous-subarray-sum/,Medium,"Meta, Amazon"
3,Longest Subarray of 1s After Deleting One Element,https://leetcode.com/problems/longest-subarray-of-1s-after-deleting-one-element/,Medium,"Amazon, Google"
4,Find the Duplicate Number,https://leetcode.com/problems/find-the-duplicate-number/,Medium,"Amazon, Microsoft"
4,Maximum Profit in Job Scheduling,https://leetcode.com/problems/maximum-profit-in-job-scheduling/,Hard,"Amazon, Google"
4,Search in a Sorted Array of Unknown Size,https://leetcode.com/problems/search-in-a-sorted-array-of-unknown-size/,Medium,"Amazon, Meta"
4,Kth Missing Positive Number,https://leetcode.com/problems/kth-missing-positive-number/,Easy,"Meta, Amazon"
4,Minimum Number of Days to Make m Bouquets,https://leetcode.com/problems/minimum-number-of-days-to-make-m-bouquets/,Medium,"Google, Amazon"
4,Find K Closest Elements,https://leetcode.com/problems/find-k-closest-elements/,Medium,"Meta, Amazon"
4,H-Index II,https://leetcode.com/problems/h-index-ii/,Medium,"Amazon, Google"
4,Find Right Interval,https://leetcode.com/problems/find-right-interval/,Medium,"Google, Amazon"
4,Minimum Limit of Balls in a Bag,https://leetcode.com/problems/minimum-limit-of-balls-in-a-bag/,Medium,"Amazon, Meta"
4,Single Element in a Sorted Array,https://leetcode.com/problems/single-element-in-a-sorted-array/,Medium,"Amazon, Microsoft"
11,Remove Nth Node From End of List,https://leetcode.com/problems/remove-nth-node-from-end-of-list/,Medium,"Amazon, Meta"
11,Remove Linked List Elements,https://leetcode.com/problems/remove-linked-list-elements/,Easy,"Amazon, Apple"
11,Design Skiplist,https://leetcode.com/problems/design-skiplist/,Hard,"Amazon, Google"
11,Merge In Between Linked Lists,https://leetcode.com/problems/merge-in-between-linked-lists/,Medium,"Amazon, Meta"
11,Design Front Middle Back Queue,https://leetcode.com/problems/design-front-middle-back-queue/,Medium,"Amazon, Google"
11,Swapping Nodes in a Linked List,https://leetcode.com/problems/swapping-nodes-in-a-linked-list/,Medium,"Amazon, Meta"
11,Split Linked List in Parts,https://leetcode.com/problems/split-linked-list-in-parts/,Medium,"Amazon, Google"
11,Next Greater Node In Linked List,https://leetcode.com/problems/next-greater-node-in-linked-list/,Medium,"Amazon, Microsoft"
11,Flatten a Multilevel Doubly Linked List,https://leetcode.com/problems/flatten-a-multilevel-doubly-linked-list/,Medium,"Amazon, Google"
11,Linked List Components,https://leetcode.com/problems/linked-list-components/,Medium,"Google, Meta"
12,Evaluate Reverse Polish Notation,https://leetcode.com/problems/evaluate-reverse-polish-notation/,Medium,"Amazon, Meta"
12,Basic Calculator III,https://leetcode.com/problems/basic-calculator-iii/,Hard,"Amazon, Google"
12,Daily Temperatures,https://leetcode.com/problems/daily-temperatures/,Medium,"Amazon, Meta"
12,Online Stock Span,https://leetcode.com/problems/online-stock-span/,Medium,"Amazon, Google"
12,Simplify Path,https://leetcode.com/problems/simplify-path/,Medium,"Amazon, Meta"
12,Min Max Stack Construction,https://leetcode.com/problems/min-stack/,Medium,"Amazon, Google"
12,Verify Preorder Serialization of a Binary Tree,https://leetcode.com/problems/verify-preorder-serialization-of-a-binary-tree/,Medium,"Amazon, Meta"
12,Mini Parser,https://leetcode.com/problems/mini-parser/,Medium,"Amazon, Google"
12,132 Pattern,https://leetcode.com/problems/132-pattern/,Medium,"Amazon, Meta"
12,Remove K Digits,https://leetcode.com/problems/remove-k-digits/,Medium,"Amazon, Microsoft"
13,Sliding Window Median,https://leetcode.com/problems/sliding-window-median/,Hard,"Amazon, Google"
13,Find Median from Data Stream,https://leetcode.com/problems/find-median-from-data-stream/,Hard,"Amazon, Meta"
13,Task Scheduler,https://leetcode.com/problems/task-scheduler/,Medium,"Amazon, Meta"
13,Reorganize String,https://leetcode.com/problems/reorganize-string/,Medium,"Amazon, Google"
13,K Closest Points to Origin,https://leetcode.com/problems/k-closest-points-to-origin/,Medium,"Amazon, Meta"
13,Minimum Cost to Hire K Workers,https://leetcode.com/problems/minimum-cost-to-hire-k-workers/,Hard,"Amazon, Google"
13,Kth Largest Element in a Stream,https://leetcode.com/problems/kth-largest-element-in-a-stream/,Easy,"Amazon, Meta"
13,Top K Frequent Elements,https://leetcode.com/problems/top-k-frequent-elements/,Medium,"Amazon, Meta"
13,Top K Frequent Words,https://leetcode.com/problems/top-k-frequent-words/,Medium,"Amazon, Google"
13,Merge k Sorted Lists,https://leetcode.com/problems/merge-k-sorted-lists/,Hard,"Amazon, Meta"
14,Binary Tree Maximum Path Sum,https://leetcode.com/problems/binary-tree-maximum-path-sum/,Hard,"Amazon, Meta"
14,Serialize and Deserialize Binary Tree,https://leetcode.com/problems/serialize-and-deserialize-binary-tree/,Hard,"Amazon, Meta"
14,Word Ladder,https://leetcode.com/problems/word-ladder/,Hard,"Amazon, Meta"
14,Word Ladder II,https://leetcode.com/problems/word-ladder-ii/,Hard,"Amazon, Google"
14,Minimum Height Trees,https://leetcode.com/problems/minimum-height-trees/,Medium,"Amazon, Google"
14,Course Schedule,https://leetcode.com/problems/course-schedule/,Medium,"Amazon, Meta"
14,Course Schedule II,https://leetcode.com/problems/course-schedule-ii/,Medium,"Amazon, Meta"
14,Course Schedule III,https://leetcode.com/problems/course-schedule-iii/,Hard,"Amazon, Google"
14,Alien Dictionary,https://leetcode.com/problems/alien-dictionary/,Hard,"Amazon, Meta"
14,Graph Valid Tree,https://leetcode.com/problems/graph-valid-tree/,Medium,"Amazon, Meta"
11,Walls and Gates,https://leetcode.com/problems/walls-and-gates/,Medium,"Amazon, Meta"
11,Shortest Distance from All Buildings,https://leetcode.com/problems/shortest-distance-from-all-buildings/,Hard,"Amazon, Meta"
11,Number of Connected Components in an Undirected Graph,https://leetcode.com/problems/number-of-connected-components-in-an-undirected-graph/,Medium,"Amazon, Google"
11,Redundant Connection II,https://leetcode.com/problems/redundant-connection-ii/,Hard,"Amazon, Meta"
11,Accounts Merge,https://leetcode.com/problems/accounts-merge/,Medium,"Amazon, Meta"
11,Longest Increasing Path in a Matrix,https://leetcode.com/problems/longest-increasing-path-in-a-matrix/,Hard,"Google, Amazon"
11,Sequence Reconstruction,https://leetcode.com/problems/sequence-reconstruction/,Medium,"Amazon, Google"
11,Optimize Water Distribution in a Village,https://leetcode.com/problems/optimize-water-distribution-in-a-village/,Hard,"Google, Amazon"
11,Path With Minimum Effort,https://leetcode.com/problems/path-with-minimum-effort/,Medium,"Amazon, Google"
11,Cheapest Flights Within K Stops,https://leetcode.com/problems/cheapest-flights-within-k-stops/,Medium,"Amazon, Google"
12,Min Cost Climbing Stairs,https://leetcode.com/problems/min-cost-climbing-stairs/,Easy,"Amazon, Meta"
12,House Robber II,https://leetcode.com/problems/house-robber-ii/,Medium,"Amazon, Google"
12,House Robber III,https://leetcode.com/problems/house-robber-iii/,Medium,"Amazon, Meta"
12,Decode Ways,https://leetcode.com/problems/decode-ways/,Medium,"Amazon, Meta"
12,Coin Change,https://leetcode.com/problems/coin-change/,Medium,"Amazon, Meta"
12,Coin Change II,https://leetcode.com/problems/coin-change-ii/,Medium,"Amazon, Google"
12,Maximum Product Subarray,https://leetcode.com/problems/maximum-product-subarray/,Medium,"Amazon, Meta"
12,Word Break,https://leetcode.com/problems/word-break/,Medium,"Amazon, Meta"
12,Uncrossed Lines,https://leetcode.com/problems/uncrossed-lines/,Medium,"Amazon, Google"
12,Longest Arithmetic Subsequence,https://leetcode.com/problems/longest-arithmetic-subsequence/,Medium,"Amazon, Meta"
topic_id,title,url,difficulty,company_tags
1,Integer to Roman,https://leetcode.com/problems/integer-to-roman/,Medium,"Amazon, Apple"
1,Number of Boomerangs,https://leetcode.com/problems/number-of-boomerangs/,Medium,"Google, Meta"
1,Complex Number Multiplication,https://leetcode.com/problems/complex-number-multiplication/,Medium,"Amazon, Microsoft"
1,Optimal Division,https://leetcode.com/problems/optimal-division/,Medium,"Amazon, Google"
1,Valid Square,https://leetcode.com/problems/valid-square/,Medium,"Meta, Amazon"
1,Minimum Moves to Equal Array Elements,https://leetcode.com/problems/minimum-moves-to-equal-array-elements/,Medium,"Microsoft, Google"
1,Minimum Moves to Equal Array Elements II,https://leetcode.com/problems/minimum-moves-to-equal-array-elements-ii/,Medium,"Amazon, Meta"
1,Valid Triangle Number,https://leetcode.com/problems/valid-triangle-number/,Medium,"Google, Amazon"
1,Bulb Switcher,https://leetcode.com/problems/bulb-switcher/,Medium,"Apple, Microsoft"
1,Integer Break,https://leetcode.com/problems/integer-break/,Medium,"Amazon, Meta"
2,Non-decreasing Subsequences,https://leetcode.com/problems/non-decreasing-subsequences/,Medium,"Amazon, Google"
2,Construct the Lexicographically Largest Valid Sequence,https://leetcode.com/problems/construct-the-lexicographically-largest-valid-sequence/,Medium,"Microsoft, Meta"
2,Find Array Given Subset Sums,https://leetcode.com/problems/find-array-given-subset-sums/,Hard,"Google, Amazon"
2,Permutation Sequence,https://leetcode.com/problems/permutation-sequence/,Hard,"Amazon, Meta"
2,Beautiful Arrangement II,https://leetcode.com/problems/beautiful-arrangement-ii/,Medium,"Google, Microsoft"
2,Maximum Score Words Formed by Letters,https://leetcode.com/problems/maximum-score-words-formed-by-letters/,Hard,"Amazon, Meta"
2,Path with Maximum Gold,https://leetcode.com/problems/path-with-maximum-gold/,Medium,"Google, Amazon"
2,Word Pattern II,https://leetcode.com/problems/word-pattern-ii/,Medium,"Meta, Apple"
2,Flip Game II,https://leetcode.com/problems/flip-game-ii/,Medium,"Google, Amazon"
2,Generalized Abbreviation,https://leetcode.com/problems/generalized-abbreviation/,Medium,"Amazon, Meta"
3,Wiggle Sort,https://leetcode.com/problems/wiggle-sort/,Medium,"Google, Amazon"
3,Wiggle Sort II,https://leetcode.com/problems/wiggle-sort-ii/,Medium,"Meta, Google"
3,Find the Celebrity,https://leetcode.com/problems/find-the-celebrity/,Medium,"Amazon, Meta"
3,Shortest Word Distance,https://leetcode.com/problems/shortest-word-distance/,Easy,"Microsoft, Amazon"
3,Shortest Word Distance II,https://leetcode.com/problems/shortest-word-distance-ii/,Medium,"Google, Meta"
3,Shortest Word Distance III,https://leetcode.com/problems/shortest-word-distance-iii/,Medium,"Amazon, Google"
3,Minimum Number of Arrows to Burst Balloons,https://leetcode.com/problems/minimum-number-of-arrows-to-burst-balloons/,Medium,"Meta, Amazon"
3,Teemo Attacking,https://leetcode.com/problems/teemo-attacking/,Easy,"Amazon, Apple"
3,Can Place Flowers,https://leetcode.com/problems/can-place-flowers/,Easy,"Google, Microsoft"
3,Non-decreasing Array,https://leetcode.com/problems/non-decreasing-array/,Medium,"Meta, Amazon"
4,Kth Smallest Number in Multiplication Table,https://leetcode.com/problems/kth-smallest-number-in-multiplication-table/,Hard,"Google, Amazon"
4,Find K-th Smallest Pair Distance,https://leetcode.com/problems/find-k-th-smallest-pair-distance/,Hard,"Amazon, Meta"
4,Split Array Largest Sum,https://leetcode.com/problems/split-array-largest-sum/,Hard,"Google, Amazon"
4,Minimize Max Distance to Gas Station,https://leetcode.com/problems/minimize-max-distance-to-gas-station/,Hard,"Meta, Google"
4,Valid Triangle Number,https://leetcode.com/problems/valid-triangle-number/,Medium,"Amazon, Apple"
4,Search in a Sorted Array of Unknown Size,https://leetcode.com/problems/search-in-a-sorted-array-of-unknown-size/,Medium,"Meta, Amazon"
4,Find Peak Element,https://leetcode.com/problems/find-peak-element/,Medium,"Google, Microsoft"
4,Find First and Last Position of Element in Sorted Array,https://leetcode.com/problems/find-first-and-last-position-of-element-in-sorted-array/,Medium,"Amazon, Meta"
4,H-Index,https://leetcode.com/problems/h-index/,Medium,"Amazon, Google"
4,Search a 2D Matrix II,https://leetcode.com/problems/search-a-2d-matrix-ii/,Medium,"Amazon, Meta"
11,Reverse Nodes in k-Group,https://leetcode.com/problems/reverse-nodes-in-k-group/,Hard,"Amazon, Meta"
11,Copy List with Random Pointer,https://leetcode.com/problems/copy-list-with-random-pointer/,Medium,"Amazon, Google"
11,Sort List,https://leetcode.com/problems/sort-list/,Medium,"Microsoft, Meta"
11,Reorder List,https://leetcode.com/problems/reorder-list/,Medium,"Amazon, Apple"
11,Insertion Sort List,https://leetcode.com/problems/insertion-sort-list/,Medium,"Google, Amazon"
11,Partition List,https://leetcode.com/problems/partition-list/,Medium,"Amazon, Meta"
11,Remove Duplicates from Sorted List II,https://leetcode.com/problems/remove-duplicates-from-sorted-list-ii/,Medium,"Meta, Microsoft"
11,Rotate List,https://leetcode.com/problems/rotate-list/,Medium,"Amazon, Google"
11,Swap Nodes in Pairs,https://leetcode.com/problems/swap-nodes-in-pairs/,Medium,"Apple, Amazon"
11,Merge k Sorted Lists,https://leetcode.com/problems/merge-k-sorted-lists/,Hard,"Amazon, Meta"
12,Maximal Rectangle,https://leetcode.com/problems/maximal-rectangle/,Hard,"Google, Amazon"
12,Largest Rectangle in Histogram,https://leetcode.com/problems/largest-rectangle-in-histogram/,Hard,"Amazon, Meta"
12,Remove Duplicate Letters,https://leetcode.com/problems/remove-duplicate-letters/,Medium,"Google, Microsoft"
12,132 Pattern,https://leetcode.com/problems/132-pattern/,Medium,"Amazon, Meta"
12,Evaluate Reverse Polish Notation,https://leetcode.com/problems/evaluate-reverse-polish-notation/,Medium,"Meta, Apple"
12,Basic Calculator,https://leetcode.com/problems/basic-calculator/,Hard,"Google, Amazon"
12,Basic Calculator II,https://leetcode.com/problems/basic-calculator-ii/,Medium,"Amazon, Meta"
12,Decode String,https://leetcode.com/problems/decode-string/,Medium,"Google, Microsoft"
12,Next Greater Element II,https://leetcode.com/problems/next-greater-element-ii/,Medium,"Amazon, Meta"
12,Asteroid Collision,https://leetcode.com/problems/asteroid-collision/,Medium,"Google, Amazon"
13,Sliding Window Maximum,https://leetcode.com/problems/sliding-window-maximum/,Hard,"Amazon, Meta"
13,Find Median from Data Stream,https://leetcode.com/problems/find-median-from-data-stream/,Hard,"Google, Amazon"
13,Top K Frequent Elements,https://leetcode.com/problems/top-k-frequent-elements/,Medium,"Amazon, Meta"
13,Trapping Rain Water II,https://leetcode.com/problems/trapping-rain-water-ii/,Hard,"Google, Amazon"
13,Kth Smallest Element in a Sorted Matrix,https://leetcode.com/problems/kth-smallest-element-in-a-sorted-matrix/,Medium,"Meta, Microsoft"
13,Smallest Range Covering Elements from K Lists,https://leetcode.com/problems/smallest-range-covering-elements-from-k-lists/,Hard,"Amazon, Google"
13,Reorganize String,https://leetcode.com/problems/reorganize-string/,Medium,"Amazon, Apple"
13,Minimum Cost to Hire K Workers,https://leetcode.com/problems/minimum-cost-to-hire-k-workers/,Hard,"Google, Meta"
13,K Closest Points to Origin,https://leetcode.com/problems/k-closest-points-to-origin/,Medium,"Amazon, Meta"
13,Last Stone Weight,https://leetcode.com/problems/last-stone-weight/,Easy,"Amazon, Google"
14,Recover Binary Search Tree,https://leetcode.com/problems/recover-binary-search-tree/,Medium,"Amazon, Meta"
14,Populating Next Right Pointers in Each Node,https://leetcode.com/problems/populating-next-right-pointers-in-each-node/,Medium,"Google, Microsoft"
14,Populating Next Right Pointers in Each Node II,https://leetcode.com/problems/populating-next-right-pointers-in-each-node-ii/,Medium,"Amazon, Meta"
14,Flatten Binary Tree to Linked List,https://leetcode.com/problems/flatten-binary-tree-to-linked-list/,Medium,"Meta, Google"
14,Construct Binary Tree from Preorder and Inorder Traversal,https://leetcode.com/problems/construct-binary-tree-from-preorder-and-inorder-traversal/,Medium,"Amazon, Apple"
14,Construct Binary Tree from Inorder and Postorder Traversal,https://leetcode.com/problems/construct-binary-tree-from-inorder-and-postorder-traversal/,Medium,"Amazon, Microsoft"
14,Binary Tree Maximum Path Sum,https://leetcode.com/problems/binary-tree-maximum-path-sum/,Hard,"Meta, Amazon"
14,Serialize and Deserialize Binary Tree,https://leetcode.com/problems/serialize-and-deserialize-binary-tree/,Hard,"Google, Amazon"
14,Binary Tree Cameras,https://leetcode.com/problems/binary-tree-cameras/,Hard,"Amazon, Meta"
14,Vertical Order Traversal of a Binary Tree,https://leetcode.com/problems/vertical-order-traversal-of-a-binary-tree/,Hard,"Meta, Google"
11,Word Ladder,https://leetcode.com/problems/word-ladder/,Hard,"Amazon, Meta"
11,Word Ladder II,https://leetcode.com/problems/word-ladder-ii/,Hard,"Google, Amazon"
11,Number of Islands,https://leetcode.com/problems/number-of-islands/,Medium,"Amazon, Meta"
11,Surrounded Regions,https://leetcode.com/problems/surrounded-regions/,Medium,"Google, Microsoft"
11,Clone Graph,https://leetcode.com/problems/clone-graph/,Medium,"Amazon, Meta"
11,Course Schedule,https://leetcode.com/problems/course-schedule/,Medium,"Meta, Apple"
11,Course Schedule II,https://leetcode.com/problems/course-schedule-ii/,Medium,"Amazon, Google"
11,Graph Valid Tree,https://leetcode.com/problems/graph-valid-tree/,Medium,"Meta, Amazon"
11,Number of Connected Components in an Undirected Graph,https://leetcode.com/problems/number-of-connected-components-in-an-undirected-graph/,Medium,"Google, Amazon"
11,Alien Dictionary,https://leetcode.com/problems/alien-dictionary/,Hard,"Amazon, Meta"
12,Regular Expression Matching,https://leetcode.com/problems/regular-expression-matching/,Hard,"Google, Amazon"
12,Wildcard Matching,https://leetcode.com/problems/wildcard-matching/,Hard,"Meta, Amazon"
12,Distinct Subsequences,https://leetcode.com/problems/distinct-subsequences/,Hard,"Amazon, Google"
12,Edit Distance,https://leetcode.com/problems/edit-distance/,Medium,"Amazon, Meta"
12,Interleaving String,https://leetcode.com/problems/interleaving-string/,Medium,"Apple, Microsoft"
12,Scramble String,https://leetcode.com/problems/scramble-string/,Hard,"Google, Amazon"
12,Maximal Square,https://leetcode.com/problems/maximal-square/,Medium,"Amazon, Meta"
12,Burst Balloons,https://leetcode.com/problems/burst-balloons/,Hard,"Google, Amazon"
12,Minimum Path Sum,https://leetcode.com/problems/minimum-path-sum/,Medium,"Amazon, Meta"
12,Triangle,https://leetcode.com/problems/triangle/,Medium,"Amazon, Apple"
